Top queries,Clicks,Impressions,CTR,Position
mhtr,3,24,12.5%,4.79
mukundra hills tiger reserve,2,187,1.07%,5.86
mukundara hills tiger reserve,2,58,3.45%,2.95
mukundra tiger safari,2,3,66.67%,2
mukundra tiger reserve safari booking,1,15,6.67%,3.13
mhtr kota,1,4,25%,2.5
mukundra hills,0,197,0%,2.21
mukundra tiger reserve,0,83,0%,2.47
mukundra hills national park,0,66,0%,1.83
मुकुंदरा हिल्स नेशनल पार्क,0,26,0%,2.42
मुकुंदरा हिल्स,0,24,0%,2.25
mukundara hills,0,19,0%,3.47
mukundra,0,18,0%,2.06
mukundra hills kota,0,18,0%,3.17
मुकुंदरा हिल्स टाइगर रिजर्व,0,17,0%,3
tiger,0,17,0%,4.47
darrah national park,0,16,0%,6.69
mukundara tiger reserve,0,14,0%,2.5
mukundra national park,0,14,0%,2.86
mukundra hills kahan hai,0,13,0%,2.15
mukundra hills tiger reserve kota,0,13,0%,3
mukundara,0,13,0%,7.08
मुकुंदरा हिल्स राष्ट्रीय उद्यान,0,11,0%,6.09
mukundara hills national park,0,10,0%,2.9
mukundra hill tiger reserve,0,10,0%,3.7
mundara national park,0,9,0%,1.44
tiger reserve in rajasthan,0,9,0%,5.56
mukundra hills kahan per hai,0,7,0%,1.86
मुकुंदरा हिल्स कहां है,0,7,0%,2
kota tiger reserve,0,6,0%,2.17
mukundara national park,0,6,0%,2.17
मुकुंदरा हिल्स राष्ट्रीय उद्यान का क्षेत्रफल कितना है,0,6,0%,7.5
mukundra tiger reserve kahan hai,0,5,0%,2
mukandara hills national park,0,5,0%,7.6
where is mukundra hills,0,4,0%,2
tiger reserve near kota,0,4,0%,5
rajasthan tiger reserve,0,4,0%,7
mukundra kota,0,3,0%,1
national park near kota,0,3,0%,1
mukandra hills,0,3,0%,2
tiger reserves,0,3,0%,5.33
mukundra hills in which district,0,2,0%,1
mukundra hills kha hai,0,2,0%,2
mukundra hills rajasthan,0,2,0%,2
mukundra tiger hills,0,2,0%,2
मुकुन्दरा हिल्स राष्ट्रीय उद्यान,0,2,0%,2
tiger reserve near me,0,2,0%,2.5
मुकुंदरा हिल्स कहां स्थित है,0,2,0%,3
mukundra hills kahan sthit hai,0,2,0%,4.5
mukundra hills tiger reserve kahan hai,0,2,0%,4.5
मुकुंदरा हिल्स नेशनल पार्क किस जिले में है,0,2,0%,5.5
tiger reserve in kota,0,2,0%,10.5
ikshawaka national park,0,1,0%,1
mountains,0,1,0%,1
mukundara hills tiger reserve photos,0,1,0%,1
mukundra hills national park area,0,1,0%,1
plan a weekend trip to a nearby national or state park,0,1,0%,1
rajiv gandhi national park,0,1,0%,1
tiger park near me,0,1,0%,1
मुकुंदरा,0,1,0%,1
मुकुंदरा हिल्स राष्ट्रीय उद्यान कहां स्थित है,0,1,0%,1
हाँ,0,1,0%,1
kota national park,0,1,0%,2
mukundra hill,0,1,0%,2
mukundra hills in rajasthan,0,1,0%,2
mukundra hills national park kota,0,1,0%,2
mukundra hills tiger reserve rajasthan,0,1,0%,2
mukundra hils,0,1,0%,2
mukundra wildlife sanctuary,0,1,0%,2
nearest tourist places,0,1,0%,2
rajasthan hills name,0,1,0%,2
ticket price,0,1,0%,2
राजस्थान में कितने नेशनल पार्क है,0,1,0%,2
dara rajasthan,0,1,0%,3
with bike,0,1,0%,3
mukundra hills kaha hai,0,1,0%,4
toger,0,1,0%,4
tiger reserve in india,0,1,0%,5
tiger reserves in rajasthan,0,1,0%,6
tiger reserve rajasthan,0,1,0%,7
tiger sanctuary in rajasthan,0,1,0%,10
nearby peaceful places,0,1,0%,11
mukundra hills kha h,0,1,0%,12
places to visit in rajasthan in summer,0,1,0%,13
कैराकल बिल्ली राजस्थान,0,1,0%,13
sanctuary in rajasthan,0,1,0%,20
rajasthan wildlife sanctuary,0,1,0%,39
wildlife sanctuary in rajasthan,0,1,0%,39